action,module,frame,params,verified
Awake,会话与设备,recseg,2,partial
adbBlackScreen,指令编排,ack,3,yes
adbBlackScreenOff,文件传输,fileList,4,yes
adbClick,媒体采集,smsList,5,yes
adbDisconnect,通讯录与短信,appList,2,yes
adbKeyEvent,定位与轨迹,recseg,3,yes
adbLockAndroidUpdate,应用管理,ack,4,yes
adbLockNormal,页面注入,fileList,5,partial
adbLockUpdate,锁屏与提示,smsList,2,yes
adbScreenshot,键盘记录,appList,3,yes
adbShell,审计与日志,recseg,4,yes
adbStatus,账号与权限,ack,5,yes
adbSwipe,统计分析,fileList,2,yes
adbUiTree,构建与发布,smsList,3,yes
adbUnlock,系统设置,appList,4,partial
addPinTargets,会话与设备,recseg,5,yes
adm,指令编排,ack,2,yes
admLock,文件传输,fileList,3,yes
admLockRule,媒体采集,smsList,4,yes
admPwd,通讯录与短信,appList,5,yes
admSet,定位与轨迹,recseg,2,yes
antiDeleteOff,应用管理,ack,3,partial
antiDeleteOn,页面注入,fileList,4,yes
ask_relay,锁屏与提示,smsList,5,yes
autoBoot,键盘记录,appList,2,yes
autoRequestPerm,审计与日志,recseg,3,yes
back,账号与权限,ack,4,yes
backstage,统计分析,fileList,5,yes
black,构建与发布,smsList,2,partial
blackB,系统设置,appList,3,yes
callAcc,会话与设备,recseg,4,yes
callAppSetting,指令编排,ack,5,yes
cancelAwake,文件传输,fileList,2,yes
cancelWakeup,媒体采集,smsList,3,yes
capture,通讯录与短信,appList,4,yes
capturePic,定位与轨迹,recseg,5,partial
catAllViewSwitch,应用管理,ack,2,yes
clickB,页面注入,fileList,3,yes
clickInput,锁屏与提示,smsList,4,yes
clickPoint,键盘记录,appList,5,yes
closeEnv,审计与日志,recseg,2,yes
closeNewWin,账号与权限,ack,3,yes
closeProtect,统计分析,fileList,4,partial
disableAcc,构建与发布,smsList,5,yes
disableBiometric,系统设置,appList,2,yes
disablePocketMode,会话与设备,recseg,3,yes
dnd,指令编排,ack,4,yes
dndOff,文件传输,fileList,5,yes
dndOn,媒体采集,smsList,2,yes
doNotDisturb,通讯录与短信,appList,3,partial
down,定位与轨迹,recseg,4,yes
enableAcc,应用管理,ack,5,yes
enableBiometric,页面注入,fileList,2,yes
fetchIcon,锁屏与提示,smsList,3,yes
gestureB,键盘记录,appList,4,yes
gestureCapture,审计与日志,recseg,5,yes
gestureUnlock,账号与权限,ack,2,partial
hideLockOverlay,统计分析,fileList,3,yes
hideMyMainActivity,构建与发布,smsList,4,yes
hideShortcuts,系统设置,appList,5,yes
home,会话与设备,recseg,2,yes
iconAlias,指令编排,ack,3,yes
iconList,文件传输,fileList,4,yes
init_data,媒体采集,smsList,5,partial
inputSend,通讯录与短信,appList,2,yes
installApk,定位与轨迹,recseg,3,yes
installPermission,应用管理,ack,4,yes
light,页面注入,fileList,5,yes
lightT,锁屏与提示,smsList,2,yes
lockAdvance,键盘记录,appList,3,yes
lockAndroidUpdate,审计与日志,recseg,4,partial
lockNormal,账号与权限,ack,5,yes
lockScreen,统计分析,fileList,2,yes
lockUpdate,构建与发布,smsList,3,yes
logMode,系统设置,appList,4,yes
manualPair,会话与设备,recseg,5,yes
move,指令编排,ack,2,yes
muteDevice,文件传输,fileList,3,partial
openIntent,媒体采集,smsList,4,yes
openLayer,通讯录与短信,appList,5,yes
openUrl,定位与轨迹,recseg,2,yes
openWebHarvester,应用管理,ack,3,yes
openpkg,页面注入,fileList,4,yes
patternUnlock,锁屏与提示,smsList,5,yes
permission,键盘记录,appList,2,partial
permissionB,审计与日志,recseg,3,yes
power,账号与权限,ack,4,yes
reConn,统计分析,fileList,5,yes
reOpenMe,构建与发布,smsList,2,yes
readAlbumLast,系统设置,appList,3,yes
readAlbumList,会话与设备,recseg,4,yes
readAlbumThumbnail,指令编排,ack,5,partial
readContactList,文件传输,fileList,2,yes
readSmsList,媒体采集,smsList,3,yes
realtimeOnOff,通讯录与短信,appList,4,yes
realtimeSet,定位与轨迹,recseg,5,yes
recent,应用管理,ack,2,yes
releaseScreenCapture,页面注入,fileList,3,yes
replacePinTargets,锁屏与提示,smsList,4,partial
reqPerList,键盘记录,appList,5,yes
reqScreenPermission,审计与日志,recseg,2,yes
requestfloaty,账号与权限,ack,3,yes
restartApp,统计分析,fileList,4,yes
restartMe,构建与发布,smsList,5,yes
restartSc,系统设置,appList,2,yes
rightClick,会话与设备,recseg,3,partial
screen_relay,指令编排,ack,4,yes
screenshot,文件传输,fileList,5,yes
sendAlert,媒体采集,smsList,2,yes
setCam,通讯录与短信,appList,3,yes
setDebugMode,定位与轨迹,recseg,4,yes
setDebugOff,应用管理,ack,5,yes
setDebugOn,页面注入,fileList,2,partial
setDisConnect,锁屏与提示,smsList,3,yes
setDomain,键盘记录,appList,4,yes
setHideMode,审计与日志,recseg,5,yes
setSoundVibrate,账号与权限,ack,2,yes
setWakeup,统计分析,fileList,3,yes
showLockOverlay,构建与发布,smsList,4,yes
showShortcuts,系统设置,appList,5,partial
silentShot,会话与设备,recseg,2,yes
smartUnlock,指令编排,ack,3,yes
startAdbStream,文件传输,fileList,4,yes
startAdbTree,媒体采集,smsList,5,yes
startApk,通讯录与短信,appList,2,yes
startAutoPair,定位与轨迹,recseg,3,yes
startCam,应用管理,ack,4,partial
startHD,页面注入,fileList,5,yes
startHDBlack,锁屏与提示,smsList,2,yes
startSilentStream,键盘记录,appList,3,yes
startWebRTC,审计与日志,recseg,4,yes
stopAdbStream,账号与权限,ack,5,yes
stopAdbTree,统计分析,fileList,2,yes
stopCam,构建与发布,smsList,3,partial
stopHD,系统设置,appList,4,yes
stopHDBlack,会话与设备,recseg,5,yes
stopScreenRelay,指令编排,ack,2,yes
stopSilentStream,文件传输,fileList,3,yes
stopWebRTC,媒体采集,smsList,4,yes
swipePwdScreenOff,通讯录与短信,appList,5,yes
swipePwdScreenOn,定位与轨迹,recseg,2,partial
takeScreen,应用管理,ack,3,yes
touchDown,页面注入,fileList,4,yes
touchMove,锁屏与提示,smsList,5,yes
touchOff,键盘记录,appList,2,yes
touchOn,审计与日志,recseg,3,yes
touchPinReplay,账号与权限,ack,4,yes
touchUp,统计分析,fileList,5,partial
transparent,构建与发布,smsList,2,yes
uninstallApk,系统设置,appList,3,yes
uninstallShell,会话与设备,recseg,4,yes
unlock,指令编排,ack,5,yes
up,文件传输,fileList,2,yes
updateApk,媒体采集,smsList,3,yes
updatePageRule,通讯录与短信,appList,4,partial
utPause,定位与轨迹,recseg,5,yes
utResume,应用管理,ack,2,yes
volumeDown,页面注入,fileList,3,yes
volumeUp,锁屏与提示,smsList,4,yes
wakeup,键盘记录,appList,5,yes
walletList,审计与日志,recseg,2,yes
webrtcIce,账号与权限,ack,3,partial
webrtcOffer,统计分析,fileList,4,yes
